{
	"format_version": "1.8.0",
	"animations": {
		"animation.healing_syringe.first_person_hold": {
			"loop": true,
			"bones": {
				"root_item": {
					"rotation": [90, 56, -32],
					"position": [9, 18, 5]
				}
			}
		},
		"animation.healing_syringe.third_person_hold": {
			"loop": true,
			"bones": {
				"root_item": {
					"rotation": [25, 0, 0],
					"position": [0.5, 19, -2.5],
					"scale": 0.85
				}
			}
		},
		"animation.healing_syringe.heal": {
			"animation_length": 1.25,
			"bones": {
				"root_item": {
					"rotation": {
						"0.0": [-540, 80, -327.5],
						"0.2083": [-497.5, 80, -327.5],
						"0.3333": [-497.5, 80, -327.5],
						"0.7917": [-471.56485, 80, -327.5],
						"0.9583": [-444.06485, 80, -327.5],
						"1.1667": [-409.84006, 78.79864, -340.04785]
					},
					"position": {
						"0.0": [4.85786, 23.08832, 1.23257],
						"0.2083": [1.01486, 19.4805, -1.63119],
						"0.375": [1.01, 29.48, -1.63],
						"0.5833": [1.01, 29.48, -1.63],
						"0.7917": [1.01, 27.48, -1.63],
						"0.9583": [-0.99, 27.48, -1.63],
						"1.1667": [11.01, 31.48, -1.63]
					}
				},
				"inner_fluid": {
					"position": {
						"0.0": [0, 0, 0],
						"0.375": [0, 0, 0]
					},
					"scale": 1
				},
				"pivot": {
					"scale": {
						"0.0": [1, 1, 1],
						"0.375": [1, 1, 1],
						"0.625": {
							"pre": [1, -0.1, 0.9],
							"post": [1, -0.1, 0.9],
							"lerp_mode": "catmullrom"
						}
					}
				},
				"stinger": {
					"position": {
						"0.0": [0, 0, 0],
						"0.2083": [0, 0, 0]
					}
				}
			}

		}

	}
}